Identifier,StructureData,,Polymer EntityData,,
Entity ID,PDB ID,Resolution (Ã…),Auth Asym ID,Accession Code(s),
"1AAP_1","1AAP","1.5","A","P05067"
,,,"B"
"1BUN_2","1BUN","2.45","B","P00989"
"1DTX_1","1DTX","2.2","A","P00980"
"1KTH_1","1KTH","0.95","A","P12111"
"1ZR0_2","1ZR0","1.802","B","P48307"
,,,"D"
"3BYB_1","3BYB","1.63","A","Q90WA1"
,,,"B"
,,,"C"
"4NTW_2","4NTW","2.07","B","G9I929"
"4U32_1","4U32","1.65","X","O43291"
"5M4V_1","5M4V","1.06","A","A0A1Z0YU59"
"5PTI_1","5PTI","1","A","P00974"
"1YC0_2","1YC0","2.6","I","O43278"
"3M7Q_2","3M7Q","1.7","B","P31713"
"4BQD_1","4BQD","2.48","A","P10646"
,,,"B"
"4DTG_3","4DTG","1.8","K","P10646"
"4ISO_2","4ISO","2.01","B","O43278"
"4U30_2","4U30","2.5","X","P02760"
,,,"Y"
,,,"Z"
,,,"W"
"5YV7_1","5YV7","2.395","A","P81658"
"6Q61_1","6Q61","1.3","A","P0C1X2"
"6YHY_1","6YHY","1.55","A","P0C1X2"
,,,"B"
"1D0D_1","1D0D","1.62","A","P17726"
"2UUY_2","2UUY","1.15","B","Q1EG59"
"2W8X_1","2W8X","1.6","A"
,,,"B"
